<?xml version="1.0" encoding="utf-8" standalone="yes"?>
<rss version="2.0" xmlns:atom="http://www.w3.org/2005/Atom">
  <channel>
    <title>index on Dev Factory</title>
    <link>https://www.devfactory.com/tags/index/</link>
    <description>Recent content in index on Dev Factory</description>
    <generator>Hugo -- gohugo.io</generator>
    <language>en-us</language><atom:link href="https://www.devfactory.com/tags/index/index.xml" rel="self" type="application/rss+xml" />
    <item>
      <title>Posts</title>
      <link>https://www.devfactory.com/post/</link>
      <pubDate>Mon, 11 Mar 2019 00:00:00 +0000</pubDate>
      
      <guid>https://www.devfactory.com/post/</guid>
      <description></description>
    </item>
    
  </channel>
</rss>
