<?xml version="1.0" encoding="utf-8" standalone="yes"?>
<rss version="2.0" xmlns:atom="http://www.w3.org/2005/Atom">
  <channel>
    <title>shortcodes on Dev Factory</title>
    <link>https://www.devfactory.com/tags/shortcodes/</link>
    <description>Recent content in shortcodes on Dev Factory</description>
    <generator>Hugo -- gohugo.io</generator>
    <language>en-us</language>
    <lastBuildDate>Sun, 10 Mar 2019 00:00:00 +0000</lastBuildDate><atom:link href="https://www.devfactory.com/tags/shortcodes/index.xml" rel="self" type="application/rss+xml" />
    <item>
      <title>Rich Content</title>
      <link>https://www.devfactory.com/post/rich-content/</link>
      <pubDate>Sun, 10 Mar 2019 00:00:00 +0000</pubDate>
      
      <guid>https://www.devfactory.com/post/rich-content/</guid>
      <description>&lt;p&gt;Hugo ships with several &lt;a href=&#34;https://gohugo.io/content-management/shortcodes/#use-hugos-built-in-shortcodes&#34;&gt;Built-in Shortcodes&lt;/a&gt; for rich content, along with a &lt;a href=&#34;https://gohugo.io/about/hugo-and-gdpr/&#34;&gt;Privacy Config&lt;/a&gt; and a set of Simple Shortcodes that enable static and no-JS versions of various social media embeds.&lt;/p&gt;</description>
    </item>
    
  </channel>
</rss>
