<?xml version="1.0" encoding="utf-8" standalone="yes"?>
<rss version="2.0" xmlns:atom="http://www.w3.org/2005/Atom">
  <channel>
    <title>emoji on Dev Factory</title>
    <link>https://www.devfactory.com/tags/emoji/</link>
    <description>Recent content in emoji on Dev Factory</description>
    <generator>Hugo -- gohugo.io</generator>
    <language>en-us</language>
    <lastBuildDate>Tue, 05 Mar 2019 00:00:00 +0000</lastBuildDate><atom:link href="https://www.devfactory.com/tags/emoji/index.xml" rel="self" type="application/rss+xml" />
    <item>
      <title>Emoji Support</title>
      <link>https://www.devfactory.com/post/emoji-support/</link>
      <pubDate>Tue, 05 Mar 2019 00:00:00 +0000</pubDate>
      
      <guid>https://www.devfactory.com/post/emoji-support/</guid>
      <description>&lt;p&gt;Emoji can be enabled in a Hugo project in a number of ways.&lt;/p&gt;</description>
    </item>
    
  </channel>
</rss>
