<?xml version="1.0" encoding="utf-8" standalone="yes"?>
<rss version="2.0" xmlns:atom="http://www.w3.org/2005/Atom">
  <channel>
    <title>text on Dev Factory</title>
    <link>https://www.devfactory.com/tags/text/</link>
    <description>Recent content in text on Dev Factory</description>
    <generator>Hugo -- gohugo.io</generator>
    <language>en-us</language>
    <lastBuildDate>Sat, 09 Mar 2019 00:00:00 +0000</lastBuildDate><atom:link href="https://www.devfactory.com/tags/text/index.xml" rel="self" type="application/rss+xml" />
    <item>
      <title>Placeholder Text</title>
      <link>https://www.devfactory.com/post/placeholder-text/</link>
      <pubDate>Sat, 09 Mar 2019 00:00:00 +0000</pubDate>
      
      <guid>https://www.devfactory.com/post/placeholder-text/</guid>
      <description>&lt;p&gt;Lorem est tota propiore conpellat pectoribus de pectora summo.&lt;/p&gt;</description>
    </item>
    
  </channel>
</rss>
