<?xml version="1.0" encoding="utf-8" standalone="yes"?>
<rss version="2.0" xmlns:atom="http://www.w3.org/2005/Atom">
  <channel>
    <title>Series on Dev Factory</title>
    <link>https://www.devfactory.fr/series/</link>
    <description>Recent content in Series on Dev Factory</description>
    <generator>Hugo -- gohugo.io</generator>
    <language>en-us</language>
    <lastBuildDate>Mon, 11 Mar 2019 00:00:00 +0000</lastBuildDate><atom:link href="https://www.devfactory.fr/series/index.xml" rel="self" type="application/rss+xml" />
    <item>
      <title>Themes Guide</title>
      <link>https://www.devfactory.fr/series/themes-guide/</link>
      <pubDate>Mon, 11 Mar 2019 00:00:00 +0000</pubDate>
      
      <guid>https://www.devfactory.fr/series/themes-guide/</guid>
      <description></description>
    </item>
    
  </channel>
</rss>
