<?xml version="1.0" encoding="utf-8" standalone="yes"?>
<rss version="2.0" xmlns:atom="http://www.w3.org/2005/Atom">
  <channel>
    <title>Tags on Dev Factory</title>
    <link>https://www.devfactory.com/tags/</link>
    <description>Recent content in Tags on Dev Factory</description>
    <generator>Hugo -- gohugo.io</generator>
    <language>en-us</language>
    <lastBuildDate>Mon, 11 Mar 2019 00:00:00 +0000</lastBuildDate><atom:link href="https://www.devfactory.com/tags/index.xml" rel="self" type="application/rss+xml" />
    <item>
      <title>css</title>
      <link>https://www.devfactory.com/tags/css/</link>
      <pubDate>Mon, 11 Mar 2019 00:00:00 +0000</pubDate>
      
      <guid>https://www.devfactory.com/tags/css/</guid>
      <description></description>
    </item>
    
    <item>
      <title>html</title>
      <link>https://www.devfactory.com/tags/html/</link>
      <pubDate>Mon, 11 Mar 2019 00:00:00 +0000</pubDate>
      
      <guid>https://www.devfactory.com/tags/html/</guid>
      <description></description>
    </item>
    
    <item>
      <title>markdown</title>
      <link>https://www.devfactory.com/tags/markdown/</link>
      <pubDate>Mon, 11 Mar 2019 00:00:00 +0000</pubDate>
      
      <guid>https://www.devfactory.com/tags/markdown/</guid>
      <description></description>
    </item>
    
    <item>
      <title>privacy</title>
      <link>https://www.devfactory.com/tags/privacy/</link>
      <pubDate>Sun, 10 Mar 2019 00:00:00 +0000</pubDate>
      
      <guid>https://www.devfactory.com/tags/privacy/</guid>
      <description></description>
    </item>
    
    <item>
      <title>shortcodes</title>
      <link>https://www.devfactory.com/tags/shortcodes/</link>
      <pubDate>Sun, 10 Mar 2019 00:00:00 +0000</pubDate>
      
      <guid>https://www.devfactory.com/tags/shortcodes/</guid>
      <description></description>
    </item>
    
    <item>
      <title>text</title>
      <link>https://www.devfactory.com/tags/text/</link>
      <pubDate>Sat, 09 Mar 2019 00:00:00 +0000</pubDate>
      
      <guid>https://www.devfactory.com/tags/text/</guid>
      <description></description>
    </item>
    
    <item>
      <title>emoji</title>
      <link>https://www.devfactory.com/tags/emoji/</link>
      <pubDate>Tue, 05 Mar 2019 00:00:00 +0000</pubDate>
      
      <guid>https://www.devfactory.com/tags/emoji/</guid>
      <description></description>
    </item>
    
    <item>
      <title>index</title>
      <link>https://www.devfactory.com/tags/index/</link>
      <pubDate>Mon, 01 Jan 0001 00:00:00 +0000</pubDate>
      
      <guid>https://www.devfactory.com/tags/index/</guid>
      <description></description>
    </item>
    
  </channel>
</rss>
